영역,유형,표준점수,남자,여자
국어,국어,150 ,34 ,30 
국어,국어,148 ,24 ,35 
국어,국어,147 ,98 ,63 
국어,국어,146 ,65 ,83 
국어,국어,145 ,160 ,117 
국어,국어,144 ,270 ,242 
국어,국어,143 ,271 ,214 
국어,국어,142 ,435 ,311 
국어,국어,141 ,458 ,428 
국어,국어,140 ,607 ,511 
국어,국어,139 ,564 ,457 
국어,국어,138 ,900 ,799 
국어,국어,137 ,772 ,738 
국어,국어,136 ,1161 ,987 
국어,국어,135 ,1242 ,1044 
국어,국어,134 ,1195 ,1113 
국어,국어,133 ,1370 ,1217 
국어,국어,132 ,1633 ,1570 
국어,국어,131 ,1793 ,1564 
국어,국어,130 ,1659 ,1642 
국어,국어,129 ,2185 ,2157 
국어,국어,128 ,2117 ,2096 
국어,국어,127 ,2460 ,2282 
국어,국어,126 ,2594 ,2508 
국어,국어,125 ,2277 ,2250 
국어,국어,124 ,2689 ,2560 
국어,국어,123 ,2933 ,2928 
국어,국어,122 ,2643 ,2652 
국어,국어,121 ,2921 ,2862 
국어,국어,120 ,3482 ,3563 
국어,국어,119 ,3374 ,3390 
국어,국어,118 ,3471 ,3231 
국어,국어,117 ,3442 ,3556 
국어,국어,116 ,3262 ,3316 
국어,국어,115 ,3768 ,3840 
국어,국어,114 ,3931 ,3888 
국어,국어,113 ,3325 ,3378 
국어,국어,112 ,3987 ,3979 
국어,국어,111 ,4106 ,4194 
국어,국어,110 ,3877 ,4122 
국어,국어,109 ,3987 ,4012 
국어,국어,108 ,3753 ,3961 
국어,국어,107 ,3755 ,4061 
국어,국어,106 ,4275 ,4404 
국어,국어,105 ,4003 ,4090 
국어,국어,104 ,3645 ,3802 
국어,국어,103 ,4405 ,4607 
국어,국어,102 ,3689 ,3956 
국어,국어,101 ,3951 ,4046 
국어,국어,100 ,4195 ,4399 
국어,국어,99 ,3542 ,3592 
국어,국어,98 ,3804 ,3895 
국어,국어,97 ,4112 ,4285 
국어,국어,96 ,3483 ,3605 
국어,국어,95 ,3781 ,3821 
국어,국어,94 ,3907 ,4028 
국어,국어,93 ,3333 ,3401 
국어,국어,92 ,3521 ,3612 
국어,국어,91 ,3691 ,3856 
국어,국어,90 ,3133 ,3217 
국어,국어,89 ,3325 ,3509 
국어,국어,88 ,3606 ,3580 
국어,국어,87 ,2982 ,2899 
국어,국어,86 ,3196 ,3128 
국어,국어,85 ,3365 ,3081 
국어,국어,84 ,2618 ,2581 
국어,국어,83 ,2951 ,2865 
국어,국어,82 ,2969 ,2852 
국어,국어,81 ,2440 ,2375 
국어,국어,80 ,2652 ,2577 
국어,국어,79 ,2702 ,2533 
국어,국어,78 ,2446 ,2131 
국어,국어,77 ,2266 ,2020 
국어,국어,76 ,2431 ,2086 
국어,국어,75 ,2049 ,1818 
국어,국어,74 ,1976 ,1866 
국어,국어,73 ,2251 ,1720 
국어,국어,72 ,1716 ,1371 
국어,국어,71 ,1820 ,1520 
국어,국어,70 ,1895 ,1411 
국어,국어,69 ,1824 ,1385 
국어,국어,68 ,1476 ,1071 
국어,국어,67 ,1621 ,1246 
국어,국어,66 ,1557 ,1098 
국어,국어,65 ,1657 ,996 
국어,국어,64 ,1613 ,1042 
국어,국어,63 ,1362 ,916 
국어,국어,62 ,1224 ,896 
국어,국어,61 ,1383 ,891 
국어,국어,60 ,2175 ,1169 
국어,국어,59 ,926 ,541 
국어,국어,58 ,759 ,464 
국어,국어,57 ,1362 ,849 
국어,국어,56 ,428 ,252 
국어,국어,55 ,460 ,308 
국어,국어,54 ,332 ,192 
국어,국어,53 ,235 ,129 
국어,국어,52 ,211 ,121 
국어,국어,51 ,160 ,104 
국어,국어,50 ,76 ,47 
국어,국어,49 ,103 ,89 
국어,국어,48 ,52 ,55 
국어,국어,47 ,52 ,29 
국어,국어,46 ,14 ,7 
국어,국어,45 ,29 ,25 
국어,국어,44 ,19 ,15 
국어,국어,43 ,25 ,16 
국어,국어,42 ,2 ,1 
국어,국어,41 ,80 ,27 
국어,국어,40 ,4 ,3 
국어,국어,39 ,145 ,74 
수학,수학,148 ,516 ,96 
수학,수학,146 ,75 ,11 
수학,수학,145 ,412 ,105 
수학,수학,144 ,642 ,158 
수학,수학,143 ,13 ,3 
수학,수학,142 ,261 ,64 
수학,수학,141 ,1598 ,493 
수학,수학,140 ,603 ,169 
수학,수학,139 ,223 ,55 
수학,수학,138 ,996 ,342 
수학,수학,137 ,3013 ,1162 
수학,수학,136 ,498 ,136 
수학,수학,135 ,439 ,152 
수학,수학,134 ,2061 ,908 
수학,수학,133 ,1846 ,860 
수학,수학,132 ,2923 ,1316 
수학,수학,131 ,1404 ,727 
수학,수학,130 ,2594 ,1235 
수학,수학,129 ,4660 ,2428 
수학,수학,128 ,1554 ,935 
수학,수학,127 ,3100 ,1614 
수학,수학,126 ,5357 ,3074 
수학,수학,125 ,1718 ,1062 
수학,수학,124 ,3833 ,2235 
수학,수학,123 ,5496 ,3703 
수학,수학,122 ,1749 ,1249 
수학,수학,121 ,4657 ,3111 
수학,수학,120 ,4923 ,3869 
수학,수학,119 ,1840 ,1419 
수학,수학,118 ,5237 ,4147 
수학,수학,117 ,4269 ,3570 
수학,수학,116 ,1391 ,1299 
수학,수학,115 ,6244 ,5095 
수학,수학,114 ,3558 ,3083 
수학,수학,113 ,1444 ,1247 
수학,수학,112 ,6064 ,5390 
수학,수학,111 ,2903 ,2511 
수학,수학,110 ,1147 ,1140 
수학,수학,109 ,3062 ,3061 
수학,수학,108 ,5500 ,4789 
수학,수학,107 ,1528 ,1521 
수학,수학,106 ,3333 ,3127 
수학,수학,105 ,4703 ,4284 
수학,수학,104 ,1725 ,1830 
수학,수학,103 ,3631 ,3978 
수학,수학,102 ,3627 ,3475 
수학,수학,101 ,2778 ,2790 
수학,수학,100 ,3825 ,3946 
수학,수학,99 ,3013 ,2964 
수학,수학,98 ,3352 ,3708 
수학,수학,97 ,3141 ,3338 
수학,수학,96 ,2590 ,2949 
수학,수학,95 ,2715 ,3136 
수학,수학,94 ,3657 ,3902 
수학,수학,93 ,2508 ,3021 
수학,수학,92 ,2603 ,2972 
수학,수학,91 ,3022 ,3679 
수학,수학,90 ,2273 ,2787 
수학,수학,89 ,2229 ,2745 
수학,수학,88 ,2364 ,2943 
수학,수학,87 ,2451 ,3083 
수학,수학,86 ,2093 ,2715 
수학,수학,85 ,2262 ,2839 
수학,수학,84 ,2405 ,2911 
수학,수학,83 ,2245 ,2876 
수학,수학,82 ,2219 ,2815 
수학,수학,81 ,2533 ,3132 
수학,수학,80 ,2907 ,3502 
수학,수학,79 ,2896 ,3477 
수학,수학,78 ,3426 ,4049 
수학,수학,77 ,3206 ,3805 
수학,수학,76 ,6037 ,6909 
수학,수학,75 ,4598 ,4900 
수학,수학,74 ,3345 ,3884 
수학,수학,73 ,3515 ,4192 
수학,수학,72 ,2723 ,3532 
수학,수학,71 ,2530 ,2844 
수학,수학,70 ,5183 ,5394 
수학,수학,69 ,1716 ,1950 
수학,수학,68 ,1310 ,1572 
수학,수학,67 ,1024 ,1217 
수학,수학,66 ,1249 ,1418 
수학,수학,65 ,273 ,283 
수학,수학,64 ,485 ,491 
수학,수학,63 ,89 ,134 
수학,수학,62 ,242 ,181 
사회탐구,생활과 윤리,65 ,2034 ,4323 
사회탐구,생활과 윤리,63 ,3561 ,7526 
사회탐구,생활과 윤리,62 ,500 ,1044 
사회탐구,생활과 윤리,61 ,2237 ,4728 
사회탐구,생활과 윤리,60 ,1435 ,2796 
사회탐구,생활과 윤리,59 ,1101 ,2179 
사회탐구,생활과 윤리,58 ,3022 ,5603 
사회탐구,생활과 윤리,57 ,1573 ,2817 
사회탐구,생활과 윤리,56 ,1453 ,2631 
사회탐구,생활과 윤리,55 ,1006 ,1671 
사회탐구,생활과 윤리,54 ,1491 ,2623 
사회탐구,생활과 윤리,53 ,2218 ,3812 
사회탐구,생활과 윤리,52 ,1330 ,2269 
사회탐구,생활과 윤리,51 ,978 ,1649 
사회탐구,생활과 윤리,50 ,1330 ,2415 
사회탐구,생활과 윤리,49 ,1090 ,1833 
사회탐구,생활과 윤리,48 ,2484 ,4388 
사회탐구,생활과 윤리,47 ,1050 ,1793 
사회탐구,생활과 윤리,46 ,1383 ,2298 
사회탐구,생활과 윤리,45 ,1323 ,2268 
사회탐구,생활과 윤리,44 ,2449 ,4165 
사회탐구,생활과 윤리,43 ,1070 ,1895 
사회탐구,생활과 윤리,42 ,1119 ,1924 
사회탐구,생활과 윤리,41 ,1125 ,1847 
사회탐구,생활과 윤리,40 ,924 ,1533 
사회탐구,생활과 윤리,39 ,1947 ,3215 
사회탐구,생활과 윤리,38 ,873 ,1331 
사회탐구,생활과 윤리,37 ,1526 ,1822 
사회탐구,생활과 윤리,36 ,818 ,1086 
사회탐구,생활과 윤리,35 ,715 ,981 
사회탐구,생활과 윤리,34 ,1458 ,1694 
사회탐구,생활과 윤리,33 ,684 ,737 
사회탐구,생활과 윤리,32 ,1686 ,1305 
사회탐구,생활과 윤리,31 ,411 ,403 
사회탐구,생활과 윤리,30 ,414 ,421 
사회탐구,생활과 윤리,29 ,722 ,760 
사회탐구,생활과 윤리,28 ,219 ,174 
사회탐구,생활과 윤리,27 ,95 ,97 
사회탐구,생활과 윤리,26 ,70 ,65 
사회탐구,생활과 윤리,25 ,78 ,53 
사회탐구,생활과 윤리,24 ,43 ,49 
사회탐구,윤리와 사상,63 ,1343 ,2898 
사회탐구,윤리와 사상,62 ,594 ,1058 
사회탐구,윤리와 사상,61 ,578 ,1461 
사회탐구,윤리와 사상,60 ,679 ,1347 
사회탐구,윤리와 사상,59 ,243 ,533 
사회탐구,윤리와 사상,58 ,535 ,1099 
사회탐구,윤리와 사상,57 ,162 ,334 
사회탐구,윤리와 사상,56 ,399 ,851 
사회탐구,윤리와 사상,55 ,167 ,322 
사회탐구,윤리와 사상,54 ,194 ,408 
사회탐구,윤리와 사상,53 ,326 ,754 
사회탐구,윤리와 사상,52 ,178 ,378 
사회탐구,윤리와 사상,51 ,365 ,803 
사회탐구,윤리와 사상,50 ,166 ,359 
사회탐구,윤리와 사상,49 ,411 ,868 
사회탐구,윤리와 사상,48 ,190 ,408 
사회탐구,윤리와 사상,47 ,265 ,512 
사회탐구,윤리와 사상,46 ,471 ,961 
사회탐구,윤리와 사상,45 ,223 ,492 
사회탐구,윤리와 사상,44 ,569 ,1011 
사회탐구,윤리와 사상,43 ,276 ,458 
사회탐구,윤리와 사상,42 ,577 ,950 
사회탐구,윤리와 사상,41 ,293 ,494 
사회탐구,윤리와 사상,40 ,315 ,465 
사회탐구,윤리와 사상,39 ,616 ,823 
사회탐구,윤리와 사상,38 ,299 ,321 
사회탐구,윤리와 사상,37 ,815 ,894 
사회탐구,윤리와 사상,36 ,302 ,326 
사회탐구,윤리와 사상,35 ,318 ,334 
사회탐구,윤리와 사상,34 ,386 ,401 
사회탐구,윤리와 사상,33 ,142 ,124 
사회탐구,윤리와 사상,32 ,557 ,436 
사회탐구,윤리와 사상,31 ,64 ,60 
사회탐구,윤리와 사상,30 ,52 ,54 
사회탐구,윤리와 사상,28 ,20 ,15 
사회탐구,한국지리,65 ,1330 ,1020 
사회탐구,한국지리,64 ,551 ,547 
사회탐구,한국지리,63 ,871 ,848 
사회탐구,한국지리,62 ,586 ,550 
사회탐구,한국지리,61 ,631 ,671 
사회탐구,한국지리,60 ,435 ,400 
사회탐구,한국지리,59 ,550 ,534 
사회탐구,한국지리,58 ,268 ,268 
사회탐구,한국지리,57 ,241 ,282 
사회탐구,한국지리,56 ,479 ,479 
사회탐구,한국지리,55 ,219 ,262 
사회탐구,한국지리,54 ,465 ,389 
사회탐구,한국지리,53 ,195 ,222 
사회탐구,한국지리,52 ,367 ,423 
사회탐구,한국지리,51 ,220 ,231 
사회탐구,한국지리,50 ,211 ,248 
사회탐구,한국지리,49 ,481 ,469 
사회탐구,한국지리,48 ,263 ,301 
사회탐구,한국지리,47 ,568 ,625 
사회탐구,한국지리,46 ,313 ,317 
사회탐구,한국지리,45 ,688 ,760 
사회탐구,한국지리,44 ,398 ,399 
사회탐구,한국지리,43 ,422 ,439 
사회탐구,한국지리,42 ,896 ,871 
사회탐구,한국지리,41 ,478 ,491 
사회탐구,한국지리,40 ,975 ,906 
사회탐구,한국지리,39 ,444 ,430 
사회탐구,한국지리,38 ,1516 ,1096 
사회탐구,한국지리,37 ,241 ,223 
사회탐구,한국지리,36 ,620 ,468 
사회탐구,한국지리,35 ,124 ,88 
사회탐구,한국지리,34 ,126 ,108 
사회탐구,한국지리,33 ,129 ,82 
사회탐구,한국지리,32 ,44 ,44 
사회탐구,한국지리,31 ,35 ,15 
사회탐구,세계지리,67 ,334 ,213 
사회탐구,세계지리,66 ,568 ,407 
사회탐구,세계지리,65 ,140 ,91 
사회탐구,세계지리,64 ,492 ,477 
사회탐구,세계지리,63 ,350 ,242 
사회탐구,세계지리,62 ,795 ,669 
사회탐구,세계지리,61 ,310 ,246 
사회탐구,세계지리,60 ,383 ,352 
사회탐구,세계지리,59 ,323 ,296 
사회탐구,세계지리,58 ,589 ,592 
사회탐구,세계지리,57 ,252 ,230 
사회탐구,세계지리,56 ,309 ,316 
사회탐구,세계지리,55 ,520 ,501 
사회탐구,세계지리,54 ,281 ,278 
사회탐구,세계지리,53 ,220 ,208 
사회탐구,세계지리,52 ,259 ,247 
사회탐구,세계지리,51 ,477 ,456 
사회탐구,세계지리,50 ,292 ,255 
사회탐구,세계지리,49 ,240 ,233 
사회탐구,세계지리,48 ,280 ,261 
사회탐구,세계지리,47 ,552 ,561 
사회탐구,세계지리,46 ,327 ,289 
사회탐구,세계지리,45 ,299 ,274 
사회탐구,세계지리,44 ,743 ,652 
사회탐구,세계지리,43 ,352 ,298 
사회탐구,세계지리,42 ,414 ,375 
사회탐구,세계지리,41 ,321 ,307 
사회탐구,세계지리,40 ,793 ,684 
사회탐구,세계지리,39 ,275 ,272 
사회탐구,세계지리,38 ,393 ,381 
사회탐구,세계지리,37 ,503 ,483 
사회탐구,세계지리,36 ,255 ,211 
사회탐구,세계지리,35 ,156 ,120 
사회탐구,세계지리,34 ,462 ,319 
사회탐구,세계지리,33 ,199 ,184 
사회탐구,세계지리,32 ,60 ,63 
사회탐구,세계지리,31 ,25 ,20 
사회탐구,세계지리,30 ,16 ,19 
사회탐구,세계지리,29 ,19 ,15 
사회탐구,세계지리,28 ,13 ,13 
사회탐구,동아시아사,66 ,249 ,111 
사회탐구,동아시아사,64 ,607 ,326 
사회탐구,동아시아사,63 ,436 ,309 
사회탐구,동아시아사,62 ,357 ,251 
사회탐구,동아시아사,61 ,660 ,515 
사회탐구,동아시아사,60 ,156 ,156 
사회탐구,동아시아사,59 ,588 ,486 
사회탐구,동아시아사,58 ,151 ,138 
사회탐구,동아시아사,57 ,251 ,279 
사회탐구,동아시아사,56 ,328 ,327 
사회탐구,동아시아사,55 ,222 ,188 
사회탐구,동아시아사,54 ,297 ,275 
사회탐구,동아시아사,53 ,156 ,178 
사회탐구,동아시아사,52 ,105 ,109 
사회탐구,동아시아사,51 ,295 ,268 
사회탐구,동아시아사,50 ,131 ,108 
사회탐구,동아시아사,49 ,274 ,247 
사회탐구,동아시아사,48 ,133 ,127 
사회탐구,동아시아사,47 ,257 ,236 
사회탐구,동아시아사,46 ,154 ,150 
사회탐구,동아시아사,45 ,121 ,153 
사회탐구,동아시아사,44 ,314 ,347 
사회탐구,동아시아사,43 ,143 ,151 
사회탐구,동아시아사,42 ,384 ,422 
사회탐구,동아시아사,41 ,214 ,191 
사회탐구,동아시아사,40 ,189 ,214 
사회탐구,동아시아사,39 ,418 ,480 
사회탐구,동아시아사,38 ,214 ,247 
사회탐구,동아시아사,37 ,505 ,566 
사회탐구,동아시아사,36 ,182 ,165 
사회탐구,동아시아사,35 ,269 ,226 
사회탐구,동아시아사,34 ,203 ,164 
사회탐구,동아시아사,33 ,54 ,67 
사회탐구,동아시아사,32 ,62 ,73 
사회탐구,동아시아사,30 ,13 ,15 
사회탐구,세계사,63 ,909 ,493 
사회탐구,세계사,62 ,614 ,341 
사회탐구,세계사,61 ,578 ,438 
사회탐구,세계사,60 ,449 ,329 
사회탐구,세계사,59 ,512 ,403 
사회탐구,세계사,58 ,306 ,252 
사회탐구,세계사,57 ,138 ,103 
사회탐구,세계사,56 ,266 ,187 
사회탐구,세계사,55 ,98 ,74 
사회탐구,세계사,54 ,189 ,144 
사회탐구,세계사,53 ,80 ,53 
사회탐구,세계사,52 ,204 ,124 
사회탐구,세계사,51 ,103 ,61 
사회탐구,세계사,50 ,190 ,113 
사회탐구,세계사,49 ,202 ,148 
사회탐구,세계사,48 ,113 ,70 
사회탐구,세계사,47 ,200 ,160 
사회탐구,세계사,46 ,116 ,92 
사회탐구,세계사,45 ,248 ,188 
사회탐구,세계사,44 ,135 ,116 
사회탐구,세계사,43 ,359 ,244 
사회탐구,세계사,42 ,192 ,137 
사회탐구,세계사,41 ,435 ,369 
사회탐구,세계사,40 ,482 ,394 
사회탐구,세계사,39 ,322 ,203 
사회탐구,세계사,38 ,454 ,369 
사회탐구,세계사,37 ,203 ,135 
사회탐구,세계사,36 ,317 ,256 
사회탐구,세계사,35 ,215 ,135 
사회탐구,세계사,34 ,145 ,111 
사회탐구,세계사,33 ,43 ,29 
사회탐구,세계사,32 ,31 ,19 
사회탐구,세계사,31 ,16 ,16 
사회탐구,경제,73 ,17 ,1 
사회탐구,경제,71 ,27 ,2 
사회탐구,경제,70 ,16 ,6 
사회탐구,경제,69 ,74 ,17 
사회탐구,경제,68 ,36 ,11 
사회탐구,경제,67 ,69 ,14 
사회탐구,경제,66 ,60 ,10 
사회탐구,경제,65 ,57 ,10 
사회탐구,경제,64 ,87 ,20 
사회탐구,경제,63 ,82 ,20 
사회탐구,경제,62 ,71 ,26 
사회탐구,경제,61 ,148 ,80 
사회탐구,경제,60 ,83 ,33 
사회탐구,경제,59 ,69 ,40 
사회탐구,경제,58 ,91 ,41 
사회탐구,경제,57 ,74 ,26 
사회탐구,경제,56 ,103 ,41 
사회탐구,경제,55 ,84 ,38 
사회탐구,경제,54 ,77 ,31 
사회탐구,경제,53 ,91 ,49 
사회탐구,경제,52 ,160 ,81 
사회탐구,경제,51 ,87 ,45 
사회탐구,경제,50 ,71 ,46 
사회탐구,경제,49 ,103 ,47 
사회탐구,경제,48 ,105 ,51 
사회탐구,경제,47 ,76 ,37 
사회탐구,경제,46 ,81 ,34 
사회탐구,경제,45 ,97 ,35 
사회탐구,경제,44 ,212 ,110 
사회탐구,경제,43 ,83 ,34 
사회탐구,경제,42 ,83 ,48 
사회탐구,경제,41 ,85 ,53 
사회탐구,경제,40 ,153 ,65 
사회탐구,경제,39 ,108 ,54 
사회탐구,경제,38 ,71 ,37 
사회탐구,경제,37 ,168 ,61 
사회탐구,경제,36 ,143 ,50 
사회탐구,경제,35 ,42 ,10 
사회탐구,경제,34 ,32 ,7 
사회탐구,경제,33 ,31 ,16 
사회탐구,경제,32 ,13 ,2 
사회탐구,경제,31 ,7 ,3 
사회탐구,경제,30 ,6 ,2 
사회탐구,경제,28 ,8 ,3 
사회탐구,정치와 법,73 ,74 ,48 
사회탐구,정치와 법,71 ,30 ,28 
사회탐구,정치와 법,70 ,169 ,170 
사회탐구,정치와 법,69 ,5 ,4 
사회탐구,정치와 법,68 ,108 ,129 
사회탐구,정치와 법,67 ,217 ,277 
사회탐구,정치와 법,66 ,311 ,318 
사회탐구,정치와 법,65 ,215 ,263 
사회탐구,정치와 법,64 ,151 ,200 
사회탐구,정치와 법,63 ,323 ,349 
사회탐구,정치와 법,62 ,158 ,251 
사회탐구,정치와 법,61 ,234 ,306 
사회탐구,정치와 법,60 ,463 ,665 
사회탐구,정치와 법,59 ,270 ,370 
사회탐구,정치와 법,58 ,212 ,363 
사회탐구,정치와 법,57 ,215 ,346 
사회탐구,정치와 법,56 ,284 ,389 
사회탐구,정치와 법,55 ,186 ,321 
사회탐구,정치와 법,54 ,458 ,712 
사회탐구,정치와 법,53 ,194 ,323 
사회탐구,정치와 법,52 ,212 ,411 
사회탐구,정치와 법,51 ,191 ,322 
사회탐구,정치와 법,50 ,262 ,398 
사회탐구,정치와 법,49 ,198 ,296 
사회탐구,정치와 법,48 ,200 ,359 
사회탐구,정치와 법,47 ,463 ,708 
사회탐구,정치와 법,46 ,307 ,456 
사회탐구,정치와 법,45 ,276 ,408 
사회탐구,정치와 법,44 ,282 ,491 
사회탐구,정치와 법,43 ,317 ,476 
사회탐구,정치와 법,42 ,293 ,433 
사회탐구,정치와 법,41 ,772 ,1038 
사회탐구,정치와 법,40 ,334 ,485 
사회탐구,정치와 법,39 ,315 ,482 
사회탐구,정치와 법,38 ,207 ,278 
사회탐구,정치와 법,37 ,460 ,548 
사회탐구,정치와 법,36 ,190 ,247 
사회탐구,정치와 법,35 ,165 ,215 
사회탐구,정치와 법,34 ,222 ,260 
사회탐구,정치와 법,33 ,81 ,97 
사회탐구,정치와 법,32 ,29 ,22 
사회탐구,정치와 법,31 ,39 ,40 
사회탐구,정치와 법,29 ,20 ,12 
사회탐구,사회·문화,70 ,277 ,388 
사회탐구,사회·문화,69 ,290 ,387 
사회탐구,사회·문화,68 ,614 ,1024 
사회탐구,사회·문화,67 ,114 ,163 
사회탐구,사회·문화,66 ,841 ,1276 
사회탐구,사회·문화,65 ,1287 ,2130 
사회탐구,사회·문화,64 ,1371 ,2285 
사회탐구,사회·문화,63 ,833 ,1493 
사회탐구,사회·문화,62 ,997 ,1635 
사회탐구,사회·문화,61 ,1505 ,2666 
사회탐구,사회·문화,60 ,916 ,1501 
사회탐구,사회·문화,59 ,2796 ,4651 
사회탐구,사회·문화,58 ,1058 ,1736 
사회탐구,사회·문화,57 ,1542 ,2553 
사회탐구,사회·문화,56 ,1097 ,1898 
사회탐구,사회·문화,55 ,1271 ,2172 
사회탐구,사회·문화,54 ,2345 ,3820 
사회탐구,사회·문화,53 ,1279 ,2058 
사회탐구,사회·문화,52 ,1013 ,1750 
사회탐구,사회·문화,51 ,1182 ,1908 
사회탐구,사회·문화,50 ,1049 ,1832 
사회탐구,사회·문화,49 ,1008 ,1672 
사회탐구,사회·문화,48 ,2214 ,3613 
사회탐구,사회·문화,47 ,1124 ,1889 
사회탐구,사회·문화,46 ,991 ,1690 
사회탐구,사회·문화,45 ,1127 ,1841 
사회탐구,사회·문화,44 ,1106 ,1814 
사회탐구,사회·문화,43 ,1065 ,1675 
사회탐구,사회·문화,42 ,2261 ,3656 
사회탐구,사회·문화,41 ,1205 ,1834 
사회탐구,사회·문화,40 ,1136 ,1715 
사회탐구,사회·문화,39 ,1149 ,1576 
사회탐구,사회·문화,38 ,2444 ,2801 
사회탐구,사회·문화,37 ,2420 ,2994 
사회탐구,사회·문화,36 ,821 ,966 
사회탐구,사회·문화,35 ,835 ,958 
사회탐구,사회·문화,34 ,764 ,943 
사회탐구,사회·문화,33 ,1729 ,1389 
사회탐구,사회·문화,32 ,471 ,462 
사회탐구,사회·문화,31 ,412 ,391 
사회탐구,사회·문화,30 ,163 ,177 
사회탐구,사회·문화,28 ,70 ,88 
과학탐구,물리학 I,69 ,896 ,94 
과학탐구,물리학 I,67 ,1764 ,205 
과학탐구,물리학 I,66 ,357 ,57 
과학탐구,물리학 I,65 ,1572 ,222 
과학탐구,물리학 I,64 ,755 ,119 
과학탐구,물리학 I,63 ,2663 ,485 
과학탐구,물리학 I,62 ,764 ,133 
과학탐구,물리학 I,61 ,1468 ,291 
과학탐구,물리학 I,60 ,2395 ,499 
과학탐구,물리학 I,59 ,1497 ,310 
과학탐구,물리학 I,58 ,1114 ,242 
과학탐구,물리학 I,57 ,1178 ,315 
과학탐구,물리학 I,56 ,2274 ,566 
과학탐구,물리학 I,55 ,1163 ,315 
과학탐구,물리학 I,54 ,992 ,266 
과학탐구,물리학 I,53 ,2046 ,551 
과학탐구,물리학 I,52 ,963 ,255 
과학탐구,물리학 I,51 ,963 ,289 
과학탐구,물리학 I,50 ,1827 ,591 
과학탐구,물리학 I,49 ,830 ,319 
과학탐구,물리학 I,48 ,913 ,320 
과학탐구,물리학 I,47 ,945 ,345 
과학탐구,물리학 I,46 ,1878 ,688 
과학탐구,물리학 I,45 ,999 ,323 
과학탐구,물리학 I,44 ,1038 ,357 
과학탐구,물리학 I,43 ,2250 ,791 
과학탐구,물리학 I,42 ,1266 ,489 
과학탐구,물리학 I,41 ,1148 ,439 
과학탐구,물리학 I,40 ,2713 ,956 
과학탐구,물리학 I,39 ,1299 ,465 
과학탐구,물리학 I,38 ,2509 ,786 
과학탐구,물리학 I,37 ,1012 ,315 
과학탐구,물리학 I,36 ,2057 ,668 
과학탐구,물리학 I,35 ,469 ,175 
과학탐구,물리학 I,34 ,614 ,194 
과학탐구,물리학 I,33 ,505 ,149 
과학탐구,물리학 I,32 ,239 ,68 
과학탐구,물리학 I,30 ,137 ,38 
과학탐구,화학 I,69 ,717 ,235 
과학탐구,화학 I,67 ,1309 ,506 
과학탐구,화학 I,66 ,62 ,22 
과학탐구,화학 I,65 ,765 ,365 
과학탐구,화학 I,64 ,925 ,403 
과학탐구,화학 I,63 ,320 ,171 
과학탐구,화학 I,62 ,1922 ,1054 
과학탐구,화학 I,61 ,849 ,478 
과학탐구,화학 I,60 ,1335 ,754 
과학탐구,화학 I,59 ,763 ,425 
과학탐구,화학 I,58 ,1319 ,833 
과학탐구,화학 I,57 ,1861 ,1243 
과학탐구,화학 I,56 ,1126 ,810 
과학탐구,화학 I,55 ,783 ,604 
과학탐구,화학 I,54 ,1083 ,775 
과학탐구,화학 I,53 ,1593 ,1275 
과학탐구,화학 I,52 ,858 ,679 
과학탐구,화학 I,51 ,691 ,601 
과학탐구,화학 I,50 ,776 ,705 
과학탐구,화학 I,49 ,676 ,541 
과학탐구,화학 I,48 ,1406 ,1229 
과학탐구,화학 I,47 ,632 ,561 
과학탐구,화학 I,46 ,690 ,642 
과학탐구,화학 I,45 ,619 ,544 
과학탐구,화학 I,44 ,691 ,653 
과학탐구,화학 I,43 ,1284 ,1199 
과학탐구,화학 I,42 ,761 ,655 
과학탐구,화학 I,41 ,666 ,575 
과학탐구,화학 I,40 ,785 ,716 
과학탐구,화학 I,39 ,802 ,691 
과학탐구,화학 I,38 ,1905 ,1555 
과학탐구,화학 I,37 ,583 ,531 
과학탐구,화학 I,36 ,949 ,806 
과학탐구,화학 I,35 ,544 ,476 
과학탐구,화학 I,34 ,441 ,374 
과학탐구,화학 I,33 ,667 ,611 
과학탐구,화학 I,32 ,256 ,215 
과학탐구,화학 I,31 ,118 ,120 
과학탐구,화학 I,30 ,57 ,59 
과학탐구,화학 I,29 ,71 ,77 
과학탐구,화학 I,28 ,59 ,33 
과학탐구,생명과학 I,69 ,1289 ,1027 
과학탐구,생명과학 I,67 ,1590 ,1098 
과학탐구,생명과학 I,66 ,1192 ,1078 
과학탐구,생명과학 I,65 ,444 ,316 
과학탐구,생명과학 I,64 ,2941 ,2308 
과학탐구,생명과학 I,63 ,829 ,870 
과학탐구,생명과학 I,62 ,4435 ,3958 
과학탐구,생명과학 I,61 ,802 ,852 
과학탐구,생명과학 I,60 ,2248 ,2044 
과학탐구,생명과학 I,59 ,2883 ,2688 
과학탐구,생명과학 I,58 ,1317 ,1329 
과학탐구,생명과학 I,57 ,2925 ,2836 
과학탐구,생명과학 I,56 ,2157 ,2173 
과학탐구,생명과학 I,55 ,2377 ,2342 
과학탐구,생명과학 I,54 ,2566 ,2740 
과학탐구,생명과학 I,53 ,4498 ,5006 
과학탐구,생명과학 I,52 ,1949 ,2149 
과학탐구,생명과학 I,51 ,2207 ,2425 
과학탐구,생명과학 I,50 ,1985 ,2221 
과학탐구,생명과학 I,49 ,1911 ,2089 
과학탐구,생명과학 I,48 ,2019 ,2266 
과학탐구,생명과학 I,47 ,1872 ,1980 
과학탐구,생명과학 I,46 ,1970 ,2234 
과학탐구,생명과학 I,45 ,1778 ,1890 
과학탐구,생명과학 I,44 ,3544 ,3832 
과학탐구,생명과학 I,43 ,1675 ,1798 
과학탐구,생명과학 I,42 ,1758 ,1840 
과학탐구,생명과학 I,41 ,1610 ,1597 
과학탐구,생명과학 I,40 ,1630 ,1722 
과학탐구,생명과학 I,39 ,1509 ,1403 
과학탐구,생명과학 I,38 ,1538 ,1419 
과학탐구,생명과학 I,37 ,1483 ,1410 
과학탐구,생명과학 I,36 ,1407 ,1283 
과학탐구,생명과학 I,35 ,2561 ,2227 
과학탐구,생명과학 I,34 ,847 ,754 
과학탐구,생명과학 I,33 ,1033 ,827 
과학탐구,생명과학 I,32 ,1327 ,828 
과학탐구,생명과학 I,31 ,669 ,561 
과학탐구,생명과학 I,30 ,699 ,487 
과학탐구,생명과학 I,29 ,299 ,279 
과학탐구,생명과학 I,28 ,351 ,278 
과학탐구,생명과학 I,27 ,158 ,106 
과학탐구,생명과학 I,26 ,167 ,164 
과학탐구,생명과학 I,24 ,71 ,44 
과학탐구,지구과학 I,68 ,2765 ,992 
과학탐구,지구과학 I,66 ,1038 ,488 
과학탐구,지구과학 I,65 ,4195 ,1620 
과학탐구,지구과학 I,64 ,255 ,106 
과학탐구,지구과학 I,63 ,6113 ,3038 
과학탐구,지구과학 I,62 ,1121 ,593 
과학탐구,지구과학 I,61 ,4136 ,2350 
과학탐구,지구과학 I,60 ,2125 ,1179 
과학탐구,지구과학 I,59 ,2455 ,1445 
과학탐구,지구과학 I,58 ,5437 ,3387 
과학탐구,지구과학 I,57 ,3030 ,2007 
과학탐구,지구과학 I,56 ,2720 ,1794 
과학탐구,지구과학 I,55 ,2121 ,1378 
과학탐구,지구과학 I,54 ,5125 ,3459 
과학탐구,지구과학 I,53 ,2320 ,1617 
과학탐구,지구과학 I,52 ,2537 ,1858 
과학탐구,지구과학 I,51 ,1962 ,1386 
과학탐구,지구과학 I,50 ,2314 ,1729 
과학탐구,지구과학 I,49 ,4089 ,2977 
과학탐구,지구과학 I,48 ,2109 ,1721 
과학탐구,지구과학 I,47 ,1792 ,1368 
과학탐구,지구과학 I,46 ,2014 ,1522 
과학탐구,지구과학 I,45 ,1799 ,1516 
과학탐구,지구과학 I,44 ,3868 ,3046 
과학탐구,지구과학 I,43 ,1808 ,1375 
과학탐구,지구과학 I,42 ,2104 ,1613 
과학탐구,지구과학 I,41 ,1956 ,1587 
과학탐구,지구과학 I,40 ,4352 ,3403 
과학탐구,지구과학 I,39 ,1948 ,1386 
과학탐구,지구과학 I,38 ,2046 ,1614 
과학탐구,지구과학 I,37 ,1687 ,1257 
과학탐구,지구과학 I,36 ,2632 ,1678 
과학탐구,지구과학 I,35 ,2902 ,2185 
과학탐구,지구과학 I,34 ,1192 ,874 
과학탐구,지구과학 I,33 ,1680 ,1173 
과학탐구,지구과학 I,32 ,856 ,634 
과학탐구,지구과학 I,31 ,1020 ,678 
과학탐구,지구과학 I,30 ,276 ,163 
과학탐구,지구과학 I,29 ,130 ,64 
과학탐구,지구과학 I,28 ,140 ,110 
과학탐구,지구과학 I,26 ,100 ,42 
과학탐구,물리학 II,74 ,64 ,1 
과학탐구,물리학 II,72 ,29 ,0 
과학탐구,물리학 II,71 ,61 ,4 
과학탐구,물리학 II,70 ,64 ,7 
과학탐구,물리학 II,69 ,35 ,3 
과학탐구,물리학 II,68 ,24 ,3 
과학탐구,물리학 II,67 ,54 ,2 
과학탐구,물리학 II,66 ,36 ,2 
과학탐구,물리학 II,65 ,96 ,5 
과학탐구,물리학 II,64 ,39 ,7 
과학탐구,물리학 II,63 ,57 ,5 
과학탐구,물리학 II,62 ,35 ,1 
과학탐구,물리학 II,61 ,49 ,4 
과학탐구,물리학 II,60 ,51 ,3 
과학탐구,물리학 II,59 ,94 ,15 
과학탐구,물리학 II,58 ,39 ,3 
과학탐구,물리학 II,57 ,45 ,6 
과학탐구,물리학 II,56 ,56 ,7 
과학탐구,물리학 II,55 ,60 ,5 
과학탐구,물리학 II,54 ,55 ,6 
과학탐구,물리학 II,53 ,138 ,28 
과학탐구,물리학 II,52 ,68 ,12 
과학탐구,물리학 II,51 ,86 ,16 
과학탐구,물리학 II,50 ,91 ,17 
과학탐구,물리학 II,49 ,96 ,23 
과학탐구,물리학 II,48 ,194 ,58 
과학탐구,물리학 II,47 ,102 ,26 
과학탐구,물리학 II,46 ,127 ,45 
과학탐구,물리학 II,45 ,115 ,24 
과학탐구,물리학 II,44 ,114 ,29 
과학탐구,물리학 II,43 ,128 ,37 
과학탐구,물리학 II,42 ,298 ,85 
과학탐구,물리학 II,41 ,159 ,42 
과학탐구,물리학 II,40 ,85 ,25 
과학탐구,물리학 II,39 ,87 ,25 
과학탐구,물리학 II,38 ,56 ,15 
과학탐구,물리학 II,37 ,68 ,26 
과학탐구,물리학 II,36 ,48 ,15 
과학탐구,물리학 II,35 ,26 ,3 
과학탐구,물리학 II,34 ,8 ,0 
과학탐구,물리학 II,33 ,9 ,2 
과학탐구,물리학 II,31 ,12 ,3 
과학탐구,화학 II,80 ,8 ,1 
과학탐구,화학 II,78 ,1 ,0 
과학탐구,화학 II,77 ,10 ,2 
과학탐구,화학 II,75 ,13 ,2 
과학탐구,화학 II,74 ,30 ,4 
과학탐구,화학 II,73 ,1 ,1 
과학탐구,화학 II,72 ,24 ,2 
과학탐구,화학 II,71 ,28 ,2 
과학탐구,화학 II,70 ,15 ,2 
과학탐구,화학 II,69 ,41 ,5 
과학탐구,화학 II,68 ,28 ,0 
과학탐구,화학 II,67 ,28 ,7 
과학탐구,화학 II,66 ,50 ,4 
과학탐구,화학 II,65 ,34 ,6 
과학탐구,화학 II,64 ,45 ,9 
과학탐구,화학 II,63 ,51 ,12 
과학탐구,화학 II,62 ,39 ,9 
과학탐구,화학 II,61 ,59 ,19 
과학탐구,화학 II,60 ,44 ,12 
과학탐구,화학 II,59 ,54 ,15 
과학탐구,화학 II,58 ,121 ,33 
과학탐구,화학 II,57 ,68 ,25 
과학탐구,화학 II,56 ,58 ,28 
과학탐구,화학 II,55 ,62 ,32 
과학탐구,화학 II,54 ,74 ,28 
과학탐구,화학 II,53 ,58 ,35 
과학탐구,화학 II,52 ,62 ,45 
과학탐구,화학 II,51 ,69 ,40 
과학탐구,화학 II,50 ,76 ,45 
과학탐구,화학 II,49 ,89 ,50 
과학탐구,화학 II,48 ,70 ,53 
과학탐구,화학 II,47 ,100 ,56 
과학탐구,화학 II,46 ,89 ,40 
과학탐구,화학 II,45 ,78 ,51 
과학탐구,화학 II,44 ,114 ,68 
과학탐구,화학 II,43 ,87 ,54 
과학탐구,화학 II,42 ,98 ,48 
과학탐구,화학 II,41 ,90 ,67 
과학탐구,화학 II,40 ,66 ,45 
과학탐구,화학 II,39 ,87 ,33 
과학탐구,화학 II,38 ,123 ,45 
과학탐구,화학 II,37 ,45 ,21 
과학탐구,화학 II,36 ,52 ,20 
과학탐구,화학 II,35 ,22 ,17 
과학탐구,화학 II,34 ,9 ,9 
과학탐구,화학 II,33 ,15 ,5 
과학탐구,화학 II,31 ,15 ,9 
과학탐구,생명과학 II,73 ,37 ,8 
과학탐구,생명과학 II,72 ,22 ,17 
과학탐구,생명과학 II,71 ,33 ,19 
과학탐구,생명과학 II,70 ,8 ,1 
과학탐구,생명과학 II,69 ,62 ,27 
과학탐구,생명과학 II,68 ,41 ,20 
과학탐구,생명과학 II,67 ,32 ,17 
과학탐구,생명과학 II,66 ,126 ,67 
과학탐구,생명과학 II,65 ,78 ,41 
과학탐구,생명과학 II,64 ,90 ,57 
과학탐구,생명과학 II,63 ,47 ,15 
과학탐구,생명과학 II,62 ,75 ,51 
과학탐구,생명과학 II,61 ,41 ,36 
과학탐구,생명과학 II,60 ,66 ,38 
과학탐구,생명과학 II,59 ,100 ,85 
과학탐구,생명과학 II,58 ,49 ,45 
과학탐구,생명과학 II,57 ,61 ,48 
과학탐구,생명과학 II,56 ,52 ,48 
과학탐구,생명과학 II,55 ,64 ,50 
과학탐구,생명과학 II,54 ,42 ,48 
과학탐구,생명과학 II,53 ,41 ,62 
과학탐구,생명과학 II,52 ,135 ,133 
과학탐구,생명과학 II,51 ,63 ,56 
과학탐구,생명과학 II,50 ,70 ,72 
과학탐구,생명과학 II,49 ,61 ,84 
과학탐구,생명과학 II,48 ,70 ,94 
과학탐구,생명과학 II,47 ,93 ,92 
과학탐구,생명과학 II,46 ,92 ,94 
과학탐구,생명과학 II,45 ,204 ,216 
과학탐구,생명과학 II,44 ,125 ,125 
과학탐구,생명과학 II,43 ,120 ,114 
과학탐구,생명과학 II,42 ,116 ,104 
과학탐구,생명과학 II,41 ,108 ,96 
과학탐구,생명과학 II,40 ,93 ,84 
과학탐구,생명과학 II,39 ,162 ,99 
과학탐구,생명과학 II,38 ,197 ,135 
과학탐구,생명과학 II,37 ,49 ,39 
과학탐구,생명과학 II,36 ,55 ,47 
과학탐구,생명과학 II,35 ,13 ,11 
과학탐구,생명과학 II,34 ,28 ,15 
과학탐구,생명과학 II,33 ,7 ,14 
과학탐구,생명과학 II,32 ,5 ,2 
과학탐구,생명과학 II,31 ,4 ,8 
과학탐구,생명과학 II,30 ,5 ,7 
과학탐구,지구과학 II,72 ,113 ,16 
과학탐구,지구과학 II,70 ,43 ,6 
과학탐구,지구과학 II,69 ,92 ,8 
과학탐구,지구과학 II,68 ,77 ,15 
과학탐구,지구과학 II,67 ,56 ,14 
과학탐구,지구과학 II,66 ,26 ,7 
과학탐구,지구과학 II,65 ,53 ,13 
과학탐구,지구과학 II,64 ,79 ,21 
과학탐구,지구과학 II,63 ,46 ,11 
과학탐구,지구과학 II,62 ,25 ,7 
과학탐구,지구과학 II,61 ,37 ,11 
과학탐구,지구과학 II,60 ,59 ,19 
과학탐구,지구과학 II,59 ,33 ,6 
과학탐구,지구과학 II,58 ,52 ,8 
과학탐구,지구과학 II,57 ,36 ,7 
과학탐구,지구과학 II,56 ,94 ,34 
과학탐구,지구과학 II,55 ,41 ,20 
과학탐구,지구과학 II,54 ,56 ,25 
과학탐구,지구과학 II,53 ,46 ,23 
과학탐구,지구과학 II,52 ,131 ,74 
과학탐구,지구과학 II,51 ,62 ,33 
과학탐구,지구과학 II,50 ,82 ,32 
과학탐구,지구과학 II,49 ,85 ,31 
과학탐구,지구과학 II,48 ,174 ,77 
과학탐구,지구과학 II,47 ,87 ,54 
과학탐구,지구과학 II,46 ,103 ,43 
과학탐구,지구과학 II,45 ,98 ,30 
과학탐구,지구과학 II,44 ,193 ,83 
과학탐구,지구과학 II,43 ,219 ,76 
과학탐구,지구과학 II,42 ,93 ,32 
과학탐구,지구과학 II,41 ,66 ,33 
과학탐구,지구과학 II,40 ,208 ,84 
과학탐구,지구과학 II,39 ,47 ,21 
과학탐구,지구과학 II,38 ,159 ,62 
과학탐구,지구과학 II,37 ,43 ,21 
과학탐구,지구과학 II,36 ,66 ,21 
과학탐구,지구과학 II,35 ,11 ,4 
과학탐구,지구과학 II,34 ,9 ,2 
과학탐구,지구과학 II,33 ,12 ,6 
과학탐구,지구과학 II,32 ,6 ,2 
직업탐구,성공적인 직업생활,68 ,90 ,51 
직업탐구,성공적인 직업생활,66 ,122 ,74 
직업탐구,성공적인 직업생활,65 ,9 ,12 
직업탐구,성공적인 직업생활,64 ,62 ,52 
직업탐구,성공적인 직업생활,63 ,56 ,28 
직업탐구,성공적인 직업생활,62 ,76 ,55 
직업탐구,성공적인 직업생활,61 ,36 ,32 
직업탐구,성공적인 직업생활,60 ,33 ,36 
직업탐구,성공적인 직업생활,59 ,45 ,41 
직업탐구,성공적인 직업생활,58 ,70 ,63 
직업탐구,성공적인 직업생활,57 ,44 ,39 
직업탐구,성공적인 직업생활,56 ,35 ,24 
직업탐구,성공적인 직업생활,55 ,45 ,36 
직업탐구,성공적인 직업생활,54 ,48 ,37 
직업탐구,성공적인 직업생활,53 ,76 ,90 
직업탐구,성공적인 직업생활,52 ,41 ,32 
직업탐구,성공적인 직업생활,51 ,51 ,51 
직업탐구,성공적인 직업생활,50 ,45 ,58 
직업탐구,성공적인 직업생활,49 ,80 ,94 
직업탐구,성공적인 직업생활,48 ,48 ,45 
직업탐구,성공적인 직업생활,47 ,52 ,57 
직업탐구,성공적인 직업생활,46 ,56 ,54 
직업탐구,성공적인 직업생활,45 ,109 ,116 
직업탐구,성공적인 직업생활,44 ,60 ,57 
직업탐구,성공적인 직업생활,43 ,55 ,60 
직업탐구,성공적인 직업생활,42 ,50 ,46 
직업탐구,성공적인 직업생활,41 ,83 ,97 
직업탐구,성공적인 직업생활,40 ,42 ,43 
직업탐구,성공적인 직업생활,39 ,59 ,47 
직업탐구,성공적인 직업생활,38 ,50 ,40 
직업탐구,성공적인 직업생활,37 ,97 ,71 
직업탐구,성공적인 직업생활,36 ,33 ,28 
직업탐구,성공적인 직업생활,35 ,26 ,19 
직업탐구,성공적인 직업생활,34 ,24 ,24 
직업탐구,성공적인 직업생활,33 ,34 ,27 
직업탐구,성공적인 직업생활,32 ,9 ,7 
직업탐구,성공적인 직업생활,31 ,25 ,7 
직업탐구,성공적인 직업생활,30 ,2 ,1 
직업탐구,성공적인 직업생활,29 ,4 ,1 
직업탐구,성공적인 직업생활,28 ,1 ,2 
직업탐구,농업 기초 기술,72 ,2 ,1 
직업탐구,농업 기초 기술,71 ,2 ,0 
직업탐구,농업 기초 기술,70 ,4 ,2 
직업탐구,농업 기초 기술,69 ,1 ,0 
직업탐구,농업 기초 기술,68 ,1 ,2 
직업탐구,농업 기초 기술,67 ,1 ,2 
직업탐구,농업 기초 기술,66 ,1 ,1 
직업탐구,농업 기초 기술,65 ,1 ,0 
직업탐구,농업 기초 기술,64 ,3 ,0 
직업탐구,농업 기초 기술,63 ,2 ,2 
직업탐구,농업 기초 기술,62 ,2 ,3 
직업탐구,농업 기초 기술,61 ,3 ,1 
직업탐구,농업 기초 기술,60 ,3 ,2 
직업탐구,농업 기초 기술,59 ,1 ,2 
직업탐구,농업 기초 기술,58 ,6 ,3 
직업탐구,농업 기초 기술,57 ,4 ,3 
직업탐구,농업 기초 기술,56 ,2 ,5 
직업탐구,농업 기초 기술,55 ,6 ,4 
직업탐구,농업 기초 기술,54 ,4 ,6 
직업탐구,농업 기초 기술,53 ,3 ,5 
직업탐구,농업 기초 기술,52 ,5 ,7 
직업탐구,농업 기초 기술,51 ,4 ,4 
직업탐구,농업 기초 기술,50 ,3 ,1 
직업탐구,농업 기초 기술,49 ,3 ,3 
직업탐구,농업 기초 기술,48 ,5 ,1 
직업탐구,농업 기초 기술,47 ,4 ,5 
직업탐구,농업 기초 기술,46 ,5 ,2 
직업탐구,농업 기초 기술,45 ,6 ,4 
직업탐구,농업 기초 기술,44 ,3 ,2 
직업탐구,농업 기초 기술,43 ,8 ,4 
직업탐구,농업 기초 기술,42 ,7 ,4 
직업탐구,농업 기초 기술,41 ,4 ,2 
직업탐구,농업 기초 기술,40 ,5 ,2 
직업탐구,농업 기초 기술,39 ,1 ,4 
직업탐구,농업 기초 기술,38 ,6 ,3 
직업탐구,농업 기초 기술,37 ,2 ,1 
직업탐구,농업 기초 기술,36 ,1 ,0 
직업탐구,농업 기초 기술,35 ,3 ,0 
직업탐구,농업 기초 기술,34 ,1 ,2 
직업탐구,농업 기초 기술,33 ,3 ,3 
직업탐구,농업 기초 기술,32 ,2 ,1 
직업탐구,농업 기초 기술,31 ,1 ,1 
직업탐구,농업 기초 기술,30 ,1 ,0 
직업탐구,농업 기초 기술,28 ,0 ,1 
직업탐구,공업 일반,64 ,91 ,23 
직업탐구,공업 일반,62 ,109 ,30 
직업탐구,공업 일반,61 ,1 ,1 
직업탐구,공업 일반,60 ,17 ,7 
직업탐구,공업 일반,59 ,87 ,24 
직업탐구,공업 일반,58 ,21 ,6 
직업탐구,공업 일반,57 ,55 ,15 
직업탐구,공업 일반,56 ,35 ,5 
직업탐구,공업 일반,55 ,28 ,8 
직업탐구,공업 일반,54 ,42 ,8 
직업탐구,공업 일반,53 ,20 ,7 
직업탐구,공업 일반,52 ,16 ,4 
직업탐구,공업 일반,51 ,29 ,10 
직업탐구,공업 일반,50 ,16 ,5 
직업탐구,공업 일반,49 ,12 ,1 
직업탐구,공업 일반,48 ,25 ,11 
직업탐구,공업 일반,47 ,17 ,3 
직업탐구,공업 일반,46 ,21 ,5 
직업탐구,공업 일반,45 ,44 ,12 
직업탐구,공업 일반,44 ,16 ,8 
직업탐구,공업 일반,43 ,52 ,16 
직업탐구,공업 일반,42 ,26 ,3 
직업탐구,공업 일반,41 ,27 ,8 
직업탐구,공업 일반,40 ,46 ,16 
직업탐구,공업 일반,39 ,26 ,4 
직업탐구,공업 일반,38 ,18 ,3 
직업탐구,공업 일반,37 ,54 ,16 
직업탐구,공업 일반,36 ,20 ,4 
직업탐구,공업 일반,35 ,15 ,2 
직업탐구,공업 일반,34 ,19 ,7 
직업탐구,공업 일반,33 ,13 ,0 
직업탐구,공업 일반,32 ,16 ,1 
직업탐구,공업 일반,31 ,8 ,3 
직업탐구,공업 일반,30 ,7 ,3 
직업탐구,공업 일반,29 ,6 ,2 
직업탐구,공업 일반,27 ,0 ,2 
직업탐구,상업 경제,70 ,11 ,3 
직업탐구,상업 경제,69 ,8 ,13 
직업탐구,상업 경제,68 ,8 ,10 
직업탐구,상업 경제,67 ,5 ,7 
직업탐구,상업 경제,66 ,25 ,12 
직업탐구,상업 경제,65 ,21 ,30 
직업탐구,상업 경제,64 ,11 ,20 
직업탐구,상업 경제,63 ,6 ,7 
직업탐구,상업 경제,62 ,10 ,17 
직업탐구,상업 경제,61 ,6 ,9 
직업탐구,상업 경제,60 ,20 ,12 
직업탐구,상업 경제,59 ,20 ,14 
직업탐구,상업 경제,58 ,6 ,13 
직업탐구,상업 경제,57 ,9 ,18 
직업탐구,상업 경제,56 ,6 ,6 
직업탐구,상업 경제,55 ,15 ,14 
직업탐구,상업 경제,54 ,9 ,30 
직업탐구,상업 경제,53 ,10 ,23 
직업탐구,상업 경제,52 ,3 ,15 
직업탐구,상업 경제,51 ,13 ,23 
직업탐구,상업 경제,50 ,12 ,17 
직업탐구,상업 경제,49 ,20 ,45 
직업탐구,상업 경제,48 ,12 ,21 
직업탐구,상업 경제,47 ,15 ,32 
직업탐구,상업 경제,46 ,9 ,39 
직업탐구,상업 경제,45 ,20 ,28 
직업탐구,상업 경제,44 ,14 ,34 
직업탐구,상업 경제,43 ,21 ,57 
직업탐구,상업 경제,42 ,11 ,25 
직업탐구,상업 경제,41 ,8 ,28 
직업탐구,상업 경제,40 ,12 ,23 
직업탐구,상업 경제,39 ,18 ,15 
직업탐구,상업 경제,38 ,16 ,46 
직업탐구,상업 경제,37 ,11 ,23 
직업탐구,상업 경제,36 ,5 ,16 
직업탐구,상업 경제,35 ,5 ,8 
직업탐구,상업 경제,34 ,5 ,10 
직업탐구,상업 경제,33 ,8 ,5 
직업탐구,상업 경제,32 ,2 ,3 
직업탐구,상업 경제,31 ,1 ,0 
직업탐구,상업 경제,30 ,2 ,1 
직업탐구,상업 경제,28 ,0 ,1 
직업탐구,수산·해운 산업 기초,65 ,2 ,1 
직업탐구,수산·해운 산업 기초,61 ,0 ,1 
직업탐구,수산·해운 산업 기초,58 ,1 ,0 
직업탐구,수산·해운 산업 기초,56 ,0 ,1 
직업탐구,수산·해운 산업 기초,54 ,1 ,0 
직업탐구,수산·해운 산업 기초,53 ,2 ,0 
직업탐구,수산·해운 산업 기초,52 ,1 ,0 
직업탐구,수산·해운 산업 기초,50 ,1 ,0 
직업탐구,수산·해운 산업 기초,47 ,1 ,1 
직업탐구,수산·해운 산업 기초,45 ,1 ,0 
직업탐구,수산·해운 산업 기초,44 ,0 ,1 
직업탐구,수산·해운 산업 기초,40 ,2 ,1 
직업탐구,수산·해운 산업 기초,33 ,1 ,0 
직업탐구,수산·해운 산업 기초,31 ,1 ,0 
직업탐구,인간 발달,66 ,14 ,29 
직업탐구,인간 발달,64 ,42 ,61 
직업탐구,인간 발달,63 ,7 ,20 
직업탐구,인간 발달,62 ,17 ,32 
직업탐구,인간 발달,61 ,1 ,11 
직업탐구,인간 발달,60 ,11 ,27 
직업탐구,인간 발달,59 ,4 ,9 
직업탐구,인간 발달,58 ,9 ,12 
직업탐구,인간 발달,57 ,4 ,9 
직업탐구,인간 발달,56 ,6 ,15 
직업탐구,인간 발달,55 ,8 ,28 
직업탐구,인간 발달,54 ,1 ,12 
직업탐구,인간 발달,53 ,11 ,10 
직업탐구,인간 발달,52 ,7 ,13 
직업탐구,인간 발달,51 ,5 ,10 
직업탐구,인간 발달,50 ,21 ,27 
직업탐구,인간 발달,49 ,11 ,22 
직업탐구,인간 발달,48 ,16 ,30 
직업탐구,인간 발달,47 ,6 ,22 
직업탐구,인간 발달,46 ,25 ,55 
직업탐구,인간 발달,45 ,18 ,25 
직업탐구,인간 발달,44 ,18 ,23 
직업탐구,인간 발달,43 ,14 ,21 
직업탐구,인간 발달,42 ,7 ,20 
직업탐구,인간 발달,41 ,17 ,32 
직업탐구,인간 발달,40 ,6 ,12 
직업탐구,인간 발달,39 ,10 ,20 
직업탐구,인간 발달,38 ,5 ,5 
직업탐구,인간 발달,37 ,5 ,6 
직업탐구,인간 발달,36 ,9 ,15 
직업탐구,인간 발달,35 ,12 ,12 
직업탐구,인간 발달,34 ,3 ,3 
직업탐구,인간 발달,33 ,4 ,5 
직업탐구,인간 발달,32 ,7 ,6 
직업탐구,인간 발달,31 ,4 ,7 
직업탐구,인간 발달,30 ,1 ,9 
직업탐구,인간 발달,29 ,4 ,3 
직업탐구,인간 발달,28 ,1 ,0 
직업탐구,인간 발달,27 ,1 ,0 
